{"epoch": {"max": 18}, "_timestamp": 1685744165.288001, "_runtime": 593.8175511360168, "_step": 575, "train/lr": 0.0002443510090594848, "iterations": 1601, "train/loss_iter": 0.09514906922193965, "train/loss": 0.09610214848907894, "train/accuracy": 0.9353205849268842, "train/auc_micro": 0.9823886471180409, "train/f1_score_micro": 0.8693181818181819, "train/f1_score_macro": 0.8379755511535658, "train/f1_score_weighted": 0.8705538535266726, "validation/loss": 0.3878385493630974, "validation/accuracy": 0.8105381165919282, "validation/auc_micro": 0.852713373149135, "validation/f1_score_micro": 0.6060606060606061, "validation/f1_score_macro": 0.5144276214718158, "validation/f1_score_weighted": 0.6109994221949329, "_wandb": {"runtime": 592}}