{"epoch": {"max": 20}, "_timestamp": 1685742891.6887612, "_runtime": 671.9427442550659, "_step": 639, "train/lr": 0.0002933926296998469, "iterations": 1601, "train/loss_iter": 0.06780667479991241, "train/loss": 0.06783606682729837, "train/accuracy": 0.9564362001124227, "train/auc_micro": 0.9917446124774186, "train/f1_score_micro": 0.9130190796857464, "train/f1_score_macro": 0.8981467815925516, "train/f1_score_weighted": 0.913229326947337, "validation/loss": 0.3775679704520188, "validation/accuracy": 0.8275280898876405, "validation/auc_micro": 0.8717384581251976, "validation/f1_score_micro": 0.6483390607101948, "validation/f1_score_macro": 0.5281844184677862, "validation/f1_score_weighted": 0.6467436410006753, "_wandb": {"runtime": 670}}