{"epoch": {"max": 20}, "_timestamp": 1685743564.4593453, "_runtime": 664.8595762252808, "_step": 639, "train/lr": 0.0002933926296998469, "iterations": 1601, "train/loss_iter": 0.08570381398940478, "train/loss": 0.0860993534912148, "train/accuracy": 0.9452993844432009, "train/auc_micro": 0.9856196501288124, "train/f1_score_micro": 0.890014064697609, "train/f1_score_macro": 0.8730404065513042, "train/f1_score_weighted": 0.8906709904774268, "validation/loss": 0.33137912739847886, "validation/accuracy": 0.8426773455377574, "validation/auc_micro": 0.8935869160980081, "validation/f1_score_micro": 0.6835443037974683, "validation/f1_score_macro": 0.6563205552910728, "validation/f1_score_weighted": 0.6860402425757227, "_wandb": {"runtime": 663}}