{"epoch": {"max": 22}, "_timestamp": 1685742212.4754488, "_runtime": 766.2364299297333, "_step": 703, "train/lr": 0.00029339262969984686, "iterations": 1601, "train/loss_iter": 0.05291174278233337, "train/loss": 0.054327452259658404, "train/accuracy": 0.9674556213017751, "train/auc_micro": 0.9945079738372523, "train/f1_score_micro": 0.9349112426035503, "train/f1_score_macro": 0.9071330561345198, "train/f1_score_weighted": 0.9352498843247667, "validation/loss": 0.3918646991276082, "validation/accuracy": 0.8235018726591761, "validation/auc_micro": 0.8609060750570184, "validation/f1_score_micro": 0.6343355965082444, "validation/f1_score_macro": 0.5795613412483331, "validation/f1_score_weighted": 0.636876147193807, "_wandb": {"runtime": 765}}