{"epoch": {"max": 18}, "_timestamp": 1685744783.2940614, "_runtime": 612.0285353660583, "_step": 611, "train/lr": 0.0002443510090594848, "iterations": 1801, "train/loss_iter": 0.09898280749335077, "train/loss": 0.0975914657844783, "train/accuracy": 0.9411922663802363, "train/auc_micro": 0.9818339770312391, "train/f1_score_micro": 0.8815575987020011, "train/f1_score_macro": 0.840494708258512, "train/f1_score_weighted": 0.8826639682725319, "validation/loss": 0.27015535866248946, "validation/accuracy": 0.850828729281768, "validation/auc_micro": 0.9039775444380005, "validation/f1_score_micro": 0.689655172413793, "validation/f1_score_macro": 0.6815564552406658, "validation/f1_score_weighted": 0.6801563764059825, "_wandb": {"runtime": 610}}